usuarioId,genero,nivelInteres
1,Thriller,3
1,Animacion,2
2,Comedia,5
2,Musical,1
2,Romance,2
3,Crimen,4
3,Romance,4
3,Misterio,2
3,Aventura,5
3,Fantasia,2
4,Accion,5
4,Drama,2
4,Musical,2
4,Comedia,5
4,Documental,1
5,Accion,2
5,Comedia,5
5,Terror,4
6,Musical,3
6,Misterio,1
7,Fantasia,4
7,Documental,2
7,Musical,2
8,Documental,5
8,Comedia,5
8,Crimen,3
8,Musical,2
8,Historico,3
9,Documental,4
9,Musical,2
9,Aventura,1
9,Drama,1
9,Ciencia Ficcion,2
10,Historico,4
10,Comedia,5
10,Documental,5
10,Aventura,1
10,Musical,5
11,Aventura,2
11,Fantasia,5
12,Musical,4
12,Crimen,5
13,Romance,4
13,Historico,2
13,Accion,4
13,Misterio,4
13,Thriller,3
14,Ciencia Ficcion,3
14,Comedia,4
15,Musical,3
15,Historico,5
15,Aventura,5
16,Terror,5
16,Drama,5
16,Accion,1
16,Misterio,5
16,Crimen,1
17,Animacion,3
17,Drama,1
17,Misterio,2
17,Romance,4
17,Ciencia Ficcion,5
18,Terror,5
18,Historico,3
18,Thriller,5
18,Ciencia Ficcion,3
19,Crimen,4
19,Drama,2
19,Ciencia Ficcion,3
19,Thriller,5
19,Misterio,5
20,Terror,2
20,Musical,1
20,Documental,2
20,Romance,4
20,Ciencia Ficcion,2
21,Drama,4
21,Thriller,3
22,Comedia,1
22,Ciencia Ficcion,1
23,Fantasia,1
23,Documental,1
23,Ciencia Ficcion,3
24,Romance,1
24,Aventura,4
24,Documental,4
25,Misterio,4
25,Documental,4
25,Accion,1
25,Comedia,2
26,Drama,5
26,Accion,5
26,Crimen,2
26,Documental,5
27,Animacion,2
27,Accion,1
27,Romance,2
28,Terror,4
28,Crimen,3
29,Ciencia Ficcion,1
29,Documental,1
29,Drama,5
29,Thriller,3
29,Accion,5
30,Romance,5
30,Historico,2
30,Terror,4
30,Drama,4
31,Terror,4
31,Comedia,5
32,Thriller,5
32,Aventura,3
33,Aventura,5
33,Crimen,5
33,Thriller,3
33,Terror,4
34,Documental,4
34,Fantasia,4
34,Crimen,5
34,Drama,1
34,Romance,4
35,Terror,4
35,Aventura,2
36,Crimen,3
36,Romance,5
36,Ciencia Ficcion,5
37,Misterio,3
37,Historico,2
38,Aventura,3
38,Ciencia Ficcion,1
38,Animacion,5
38,Misterio,2
39,Romance,2
39,Musical,2
39,Drama,4
39,Documental,2
39,Terror,2
40,Historico,2
40,Terror,2
40,Drama,2
41,Comedia,1
41,Crimen,4
41,Aventura,5
41,Historico,1
42,Historico,3
42,Fantasia,5
43,Fantasia,2
43,Documental,5
43,Terror,3
43,Musical,4
44,Crimen,1
44,Documental,5
44,Comedia,4
45,Thriller,2
45,Accion,4
45,Musical,1
45,Romance,5
45,Ciencia Ficcion,4
46,Misterio,2
46,Accion,4
46,Historico,5
46,Animacion,1
47,Romance,5
47,Documental,3
47,Terror,2
47,Comedia,3
48,Documental,4
48,Romance,2
48,Historico,4
48,Comedia,3
48,Fantasia,3
49,Terror,5
49,Fantasia,2
49,Comedia,1
49,Documental,3
49,Crimen,2
50,Historico,4
50,Ciencia Ficcion,1
50,Drama,2
50,Comedia,4
50,Misterio,4
51,Musical,5
51,Historico,5
51,Animacion,3
52,Terror,4
52,Musical,1
52,Thriller,2
52,Documental,1
52,Accion,2
53,Fantasia,4
53,Historico,3
53,Animacion,3
53,Aventura,3
54,Thriller,3
54,Musical,1
54,Crimen,4
54,Terror,1
55,Historico,5
55,Animacion,5
55,Documental,5
55,Drama,2
56,Romance,4
56,Musical,4
56,Animacion,1
56,Thriller,4
57,Fantasia,3
57,Animacion,4
57,Comedia,5
57,Crimen,5
58,Historico,2
58,Aventura,3
58,Musical,3
58,Comedia,3
58,Romance,3
59,Terror,5
59,Fantasia,4
59,Crimen,4
59,Romance,2
59,Documental,2
60,Comedia,2
60,Misterio,3
61,Drama,4
61,Comedia,1
62,Aventura,5
62,Fantasia,1
63,Crimen,5
63,Ciencia Ficcion,1
64,Terror,2
64,Documental,1
65,Terror,4
65,Drama,2
65,Historico,2
65,Misterio,5
65,Musical,2
66,Accion,3
66,Animacion,3
67,Fantasia,4
67,Historico,2
67,Thriller,5
67,Terror,2
67,Crimen,5
68,Animacion,5
68,Misterio,5
68,Musical,3
68,Documental,3
68,Ciencia Ficcion,4
69,Crimen,3
69,Aventura,3
69,Fantasia,4
70,Comedia,5
70,Terror,2
70,Accion,3
70,Crimen,3
71,Thriller,3
71,Accion,1
71,Misterio,4
71,Fantasia,3
71,Crimen,5
72,Crimen,3
72,Accion,2
72,Thriller,4
73,Ciencia Ficcion,4
73,Drama,4
73,Comedia,2
73,Misterio,3
73,Animacion,1
74,Animacion,3
74,Drama,3
74,Thriller,5
74,Documental,3
74,Musical,4
75,Historico,2
75,Aventura,3
75,Comedia,1
76,Documental,4
76,Fantasia,2
76,Terror,3
76,Misterio,1
76,Musical,2
77,Thriller,2
77,Accion,1
78,Terror,1
78,Comedia,2
78,Misterio,1
78,Fantasia,2
79,Fantasia,3
79,Drama,4
80,Crimen,4
80,Musical,1
80,Fantasia,3
80,Romance,1
81,Accion,4
81,Terror,1
81,Crimen,5
82,Comedia,1
82,Drama,2
82,Terror,4
82,Ciencia Ficcion,4
82,Accion,2
83,Drama,1
83,Fantasia,5
84,Fantasia,3
84,Ciencia Ficcion,3
84,Animacion,2
85,Misterio,5
85,Thriller,1
86,Fantasia,3
86,Animacion,1
86,Terror,2
86,Drama,1
87,Animacion,1
87,Ciencia Ficcion,2
87,Romance,3
88,Ciencia Ficcion,2
88,Crimen,1
89,Documental,4
89,Crimen,5
90,Romance,2
90,Crimen,2
90,Aventura,4
91,Animacion,3
91,Documental,1
92,Romance,2
92,Animacion,5
93,Comedia,2
93,Fantasia,3
94,Crimen,1
94,Fantasia,4
94,Misterio,3
94,Drama,2
95,Musical,4
95,Accion,5
95,Fantasia,3
95,Misterio,5
96,Drama,3
96,Documental,4
96,Comedia,3
96,Thriller,5
96,Romance,5
97,Aventura,4
97,Thriller,3
97,Comedia,3
98,Fantasia,5
98,Accion,4
98,Crimen,2
98,Animacion,1
99,Crimen,1
99,Documental,5
99,Drama,4
99,Romance,2
100,Crimen,3
100,Thriller,4
100,Comedia,3
100,Documental,1
100,Terror,1
101,Accion,2
101,Historico,2
102,Drama,4
102,Aventura,2
103,Accion,4
103,Documental,4
104,Accion,1
104,Romance,1
104,Drama,2
104,Documental,4
105,Fantasia,1
105,Crimen,3
106,Historico,5
106,Romance,3
106,Crimen,5
106,Misterio,1
106,Accion,1
107,Aventura,1
107,Drama,2
107,Thriller,5
107,Musical,4
108,Drama,2
108,Thriller,5
108,Animacion,2
109,Misterio,3
109,Aventura,4
109,Crimen,4
109,Animacion,1
109,Documental,2
110,Thriller,3
110,Ciencia Ficcion,2
110,Musical,5
111,Musical,3
111,Romance,4
111,Historico,4
111,Thriller,3
111,Crimen,5
112,Documental,4
112,Thriller,5
112,Drama,3
113,Fantasia,1
113,Musical,3
113,Ciencia Ficcion,5
113,Accion,1
114,Musical,3
114,Terror,2
114,Accion,2
115,Accion,5
115,Crimen,5
115,Misterio,5
115,Terror,5
116,Aventura,3
116,Accion,2
116,Fantasia,2
117,Romance,3
117,Documental,3
117,Drama,1
117,Crimen,5
118,Documental,4
118,Drama,2
118,Misterio,4
118,Aventura,5
118,Romance,1
119,Accion,4
119,Misterio,1
119,Crimen,1
119,Documental,3
120,Musical,1
120,Historico,2
120,Ciencia Ficcion,5
120,Crimen,1
121,Accion,5
121,Terror,5
121,Thriller,2
121,Musical,3
121,Romance,5
122,Comedia,4
122,Accion,4
122,Animacion,5
123,Drama,3
123,Ciencia Ficcion,4
124,Comedia,4
124,Romance,5
124,Aventura,1
125,Terror,2
125,Aventura,2
125,Ciencia Ficcion,4
125,Thriller,5
125,Crimen,2
126,Ciencia Ficcion,5
126,Animacion,5
126,Documental,2
126,Drama,2
126,Thriller,1
127,Crimen,5
127,Ciencia Ficcion,1
127,Romance,1
127,Animacion,4
128,Romance,5
128,Musical,1
128,Drama,3
128,Historico,2
128,Misterio,3
129,Documental,2
129,Comedia,3
129,Fantasia,2
129,Accion,1
129,Drama,1
130,Drama,2
130,Documental,3
131,Romance,1
131,Misterio,3
132,Fantasia,2
132,Accion,2
132,Romance,5
132,Drama,5
132,Thriller,3
133,Documental,1
133,Misterio,4
133,Comedia,5
133,Historico,5
133,Animacion,1
134,Comedia,5
134,Accion,3
134,Terror,1
134,Drama,4
135,Aventura,3
135,Ciencia Ficcion,3
136,Accion,4
136,Terror,2
137,Thriller,5
137,Misterio,5
137,Aventura,1
137,Romance,2
137,Fantasia,2
138,Thriller,5
138,Misterio,3
138,Accion,3
138,Crimen,4
138,Drama,4
139,Accion,3
139,Romance,3
139,Animacion,3
140,Thriller,1
140,Terror,3
140,Crimen,4
141,Thriller,2
141,Terror,2
142,Musical,1
142,Ciencia Ficcion,4
142,Animacion,5
142,Comedia,5
143,Ciencia Ficcion,2
143,Drama,4
143,Documental,3
144,Fantasia,2
144,Thriller,5
144,Comedia,5
144,Drama,2
145,Terror,5
145,Misterio,2
145,Historico,4
146,Animacion,3
146,Documental,1
146,Comedia,5
147,Comedia,2
147,Romance,1
148,Musical,4
148,Ciencia Ficcion,3
148,Historico,2
148,Terror,2
149,Comedia,1
149,Musical,5
150,Documental,5
150,Musical,2
150,Historico,2
150,Drama,1
151,Aventura,2
151,Misterio,5
151,Crimen,5
151,Fantasia,4
152,Comedia,4
152,Historico,2
152,Ciencia Ficcion,2
152,Fantasia,2
153,Accion,1
153,Ciencia Ficcion,3
153,Crimen,4
154,Misterio,2
154,Animacion,1
154,Drama,2
155,Historico,4
155,Documental,2
155,Fantasia,4
155,Misterio,4
155,Romance,1
156,Misterio,5
156,Romance,5
156,Ciencia Ficcion,5
156,Documental,1
156,Musical,5
157,Fantasia,1
157,Musical,2
158,Misterio,1
158,Accion,2
158,Thriller,3
158,Ciencia Ficcion,4
158,Crimen,4
159,Crimen,2
159,Historico,4
159,Terror,3
159,Fantasia,5
160,Misterio,2
160,Thriller,4
161,Aventura,5
161,Misterio,5
161,Thriller,2
161,Musical,4
161,Comedia,4
162,Fantasia,5
162,Accion,2
162,Comedia,4
162,Musical,1
163,Romance,2
163,Misterio,1
163,Animacion,1
163,Historico,1
164,Animacion,5
164,Romance,5
164,Aventura,2
164,Thriller,4
164,Ciencia Ficcion,5
165,Accion,2
165,Crimen,2
165,Comedia,2
165,Romance,2
165,Documental,1
166,Terror,2
166,Musical,1
166,Misterio,2
166,Fantasia,2
166,Historico,1
167,Accion,5
167,Fantasia,1
167,Historico,5
167,Crimen,4
168,Drama,4
168,Documental,4
168,Animacion,4
169,Aventura,5
169,Documental,3
169,Historico,5
169,Accion,5
169,Drama,2
170,Comedia,1
170,Musical,3
171,Comedia,1
171,Historico,5
172,Romance,4
172,Aventura,2
172,Accion,2
172,Historico,3
173,Fantasia,3
173,Misterio,1
173,Documental,1
174,Romance,4
174,Musical,5
174,Ciencia Ficcion,1
174,Aventura,3
175,Comedia,5
175,Aventura,4
175,Misterio,5
175,Terror,2
175,Romance,2
176,Aventura,5
176,Documental,1
177,Misterio,4
177,Musical,5
177,Documental,3
177,Historico,3
177,Terror,5
178,Musical,4
178,Comedia,5
178,Documental,4
178,Crimen,4
179,Musical,3
179,Documental,2
179,Drama,1
180,Accion,1
180,Fantasia,2
181,Ciencia Ficcion,2
181,Accion,1
181,Romance,2
181,Crimen,3
181,Thriller,3
182,Terror,5
182,Musical,5
183,Crimen,3
183,Accion,3
183,Aventura,4
183,Animacion,5
184,Historico,2
184,Comedia,3
185,Musical,1
185,Animacion,2
185,Fantasia,4
185,Crimen,2
186,Musical,4
186,Historico,1
186,Thriller,5
186,Romance,3
186,Fantasia,5
187,Thriller,5
187,Musical,3
187,Accion,3
187,Drama,1
188,Terror,3
188,Historico,4
188,Accion,5
189,Documental,2
189,Musical,5
189,Ciencia Ficcion,1
190,Misterio,1
190,Historico,3
190,Romance,4
190,Musical,1
191,Musical,2
191,Drama,5
191,Romance,3
191,Fantasia,2
191,Terror,1
192,Crimen,1
192,Accion,4
192,Musical,5
192,Drama,1
193,Musical,4
193,Thriller,5
193,Comedia,3
193,Drama,3
193,Romance,2
194,Historico,2
194,Thriller,2
195,Fantasia,5
195,Ciencia Ficcion,1
196,Terror,5
196,Accion,1
197,Fantasia,3
197,Accion,1
197,Aventura,5
197,Thriller,3
198,Romance,3
198,Drama,3
198,Historico,5
199,Crimen,3
199,Fantasia,2
199,Animacion,2
199,Aventura,3
200,Accion,5
200,Documental,5
201,Drama,3
201,Thriller,5
202,Terror,5
202,Comedia,2
202,Misterio,2
202,Musical,1
203,Documental,1
203,Romance,2
203,Thriller,1
203,Fantasia,4
204,Aventura,1
204,Ciencia Ficcion,1
205,Ciencia Ficcion,4
205,Comedia,5
205,Misterio,3
205,Documental,3
205,Crimen,3
206,Misterio,5
206,Crimen,1
206,Animacion,4
207,Aventura,4
207,Historico,1
207,Crimen,4
208,Animacion,4
208,Musical,2
208,Misterio,2
208,Fantasia,2
209,Musical,3
209,Romance,3
209,Ciencia Ficcion,4
209,Comedia,4
210,Aventura,1
210,Fantasia,3
211,Fantasia,5
211,Historico,5
211,Comedia,2
211,Terror,5
211,Romance,1
212,Historico,5
212,Misterio,1
212,Crimen,3
212,Aventura,5
212,Romance,4
213,Documental,5
213,Ciencia Ficcion,2
213,Drama,4
213,Musical,4
213,Crimen,1
214,Drama,4
214,Historico,4
214,Misterio,5
214,Documental,3
215,Comedia,1
215,Animacion,5
215,Historico,4
216,Documental,4
216,Musical,3
217,Historico,2
217,Fantasia,3
218,Aventura,4
218,Documental,3
218,Musical,4
218,Animacion,1
218,Historico,1
219,Historico,1
219,Comedia,2
219,Documental,2
220,Thriller,4
220,Terror,2
220,Ciencia Ficcion,2
220,Documental,3
220,Misterio,3
221,Musical,1
221,Ciencia Ficcion,5
221,Misterio,1
221,Romance,5
222,Historico,5
222,Comedia,1
222,Terror,1
222,Accion,5
222,Romance,3
223,Historico,1
223,Terror,2
224,Misterio,4
224,Documental,4
224,Ciencia Ficcion,4
224,Animacion,4
224,Romance,5
225,Animacion,2
225,Comedia,2
225,Fantasia,5
226,Historico,2
226,Romance,2
226,Ciencia Ficcion,1
226,Comedia,1
226,Terror,1
227,Misterio,4
227,Fantasia,2
227,Animacion,1
228,Animacion,4
228,Crimen,5
228,Ciencia Ficcion,4
229,Fantasia,5
229,Thriller,4
229,Ciencia Ficcion,4
230,Drama,1
230,Comedia,5
230,Ciencia Ficcion,4
230,Documental,2
231,Ciencia Ficcion,1
231,Thriller,1
231,Documental,5
231,Romance,4
232,Aventura,1
232,Documental,2
232,Fantasia,5
232,Misterio,3
233,Thriller,2
233,Aventura,4
233,Musical,1
233,Documental,5
233,Historico,5
234,Documental,1
234,Accion,4
234,Romance,4
234,Thriller,5
235,Documental,3
235,Misterio,3
235,Romance,2
235,Ciencia Ficcion,1
235,Crimen,5
236,Misterio,1
236,Crimen,4
236,Documental,5
236,Terror,2
237,Animacion,5
237,Terror,1
238,Fantasia,1
238,Aventura,3
238,Comedia,3
238,Thriller,2
239,Terror,1
239,Historico,5
239,Musical,2
239,Accion,5
240,Animacion,2
240,Fantasia,3
240,Romance,2
241,Comedia,1
241,Crimen,2
241,Thriller,5
241,Accion,2
241,Romance,4
242,Crimen,2
242,Ciencia Ficcion,2
242,Drama,5
242,Animacion,3
242,Fantasia,1
243,Crimen,2
243,Historico,4
243,Aventura,4
243,Accion,4
244,Fantasia,2
244,Misterio,4
244,Crimen,4
244,Thriller,4
245,Comedia,3
245,Thriller,4
245,Ciencia Ficcion,4
245,Accion,3
246,Aventura,3
246,Thriller,4
247,Romance,3
247,Terror,5
247,Historico,4
247,Aventura,4
248,Misterio,2
248,Animacion,5
248,Documental,3
249,Romance,1
249,Thriller,1
249,Accion,1
250,Aventura,3
250,Thriller,2
250,Musical,3
250,Animacion,3
250,Fantasia,2
251,Accion,1
251,Documental,1
252,Documental,1
252,Animacion,1
252,Aventura,5
253,Ciencia Ficcion,5
253,Animacion,2
253,Crimen,1
254,Terror,1
254,Musical,4
254,Fantasia,3
255,Misterio,2
255,Animacion,1
255,Crimen,3
255,Romance,1
255,Terror,4
256,Romance,4
256,Accion,1
256,Terror,4
256,Crimen,2
256,Comedia,5
257,Comedia,5
257,Animacion,4
257,Fantasia,2
257,Aventura,5
257,Musical,1
258,Misterio,1
258,Terror,5
258,Aventura,3
258,Accion,4
258,Crimen,1
259,Comedia,4
259,Animacion,3
259,Historico,2
259,Accion,3
259,Misterio,4
260,Thriller,4
260,Misterio,4
261,Ciencia Ficcion,2
261,Historico,1
261,Misterio,4
261,Aventura,4
261,Thriller,1
262,Romance,1
262,Animacion,1
262,Terror,3
262,Ciencia Ficcion,5
263,Aventura,2
263,Historico,2
263,Fantasia,5
263,Terror,1
264,Animacion,1
264,Drama,3
264,Terror,4
264,Misterio,1
264,Ciencia Ficcion,4
265,Comedia,1
265,Accion,5
265,Drama,2
266,Ciencia Ficcion,3
266,Aventura,4
266,Crimen,5
266,Thriller,4
266,Animacion,1
267,Romance,3
267,Accion,1
268,Aventura,5
268,Drama,4
268,Crimen,5
268,Animacion,2
268,Misterio,5
269,Musical,2
269,Aventura,4
269,Accion,1
270,Musical,2
270,Documental,1
270,Accion,2
270,Drama,1
270,Animacion,3
271,Fantasia,2
271,Documental,5
272,Historico,1
272,Musical,1
273,Documental,2
273,Crimen,4
273,Musical,3
273,Drama,4
273,Aventura,3
274,Animacion,5
274,Documental,2
275,Historico,5
275,Crimen,2
275,Drama,3
275,Accion,1
276,Terror,4
276,Comedia,2
277,Thriller,5
277,Comedia,1
277,Fantasia,2
277,Drama,1
278,Crimen,1
278,Comedia,1
278,Accion,2
278,Fantasia,1
278,Aventura,5
279,Ciencia Ficcion,2
279,Misterio,2
279,Crimen,2
279,Fantasia,3
280,Ciencia Ficcion,5
280,Drama,2
280,Comedia,4
280,Documental,5
280,Accion,1
281,Romance,2
281,Ciencia Ficcion,2
281,Accion,1
281,Thriller,5
282,Documental,5
282,Romance,5
283,Fantasia,2
283,Crimen,3
283,Animacion,1
284,Aventura,4
284,Crimen,4
284,Comedia,2
285,Animacion,3
285,Accion,3
285,Historico,2
286,Terror,1
286,Romance,1
286,Documental,5
286,Fantasia,2
286,Accion,2
287,Fantasia,1
287,Thriller,1
288,Misterio,5
288,Fantasia,3
288,Documental,4
289,Misterio,2
289,Animacion,1
289,Romance,3
290,Aventura,4
290,Drama,2
290,Misterio,4
291,Aventura,4
291,Fantasia,1
291,Documental,4
292,Drama,2
292,Documental,4
292,Fantasia,3
293,Fantasia,3
293,Misterio,3
293,Drama,2
294,Comedia,1
294,Accion,3
294,Misterio,2
294,Documental,1
295,Fantasia,3
295,Ciencia Ficcion,5
295,Comedia,2
295,Romance,5
295,Drama,2
296,Aventura,4
296,Ciencia Ficcion,2
296,Thriller,5
297,Historico,2
297,Fantasia,2
297,Terror,3
297,Accion,4
297,Ciencia Ficcion,5
298,Musical,5
298,Documental,1
298,Comedia,4
299,Accion,5
299,Fantasia,1
300,Thriller,4
300,Ciencia Ficcion,4
300,Fantasia,2
300,Misterio,1
300,Aventura,5
301,Misterio,4
301,Musical,2
302,Romance,1
302,Terror,1
302,Drama,4
303,Comedia,5
303,Misterio,1
303,Fantasia,4
303,Documental,4
304,Historico,2
304,Misterio,3
304,Ciencia Ficcion,4
305,Historico,1
305,Animacion,4
306,Thriller,3
306,Accion,5
306,Terror,5
306,Ciencia Ficcion,5
307,Crimen,5
307,Animacion,3
307,Aventura,1
308,Musical,3
308,Accion,4
308,Aventura,5
308,Ciencia Ficcion,1
309,Romance,1
309,Comedia,5
309,Animacion,2
309,Thriller,2
310,Drama,4
310,Thriller,5
310,Aventura,2
310,Animacion,2
311,Romance,4
311,Terror,3
311,Thriller,1
311,Animacion,1
312,Romance,5
312,Fantasia,1
312,Historico,4
312,Thriller,5
313,Fantasia,1
313,Documental,2
313,Romance,4
313,Animacion,1
314,Ciencia Ficcion,3
314,Comedia,1
315,Comedia,1
315,Terror,2
316,Comedia,1
316,Historico,3
316,Drama,4
316,Thriller,5
316,Animacion,2
317,Romance,1
317,Ciencia Ficcion,3
317,Fantasia,2
317,Misterio,1
317,Animacion,1
318,Historico,3
318,Thriller,4
318,Animacion,5
319,Animacion,4
319,Musical,5
319,Crimen,5
319,Romance,5
320,Fantasia,2
320,Terror,3
320,Documental,2
320,Comedia,4
320,Historico,3
321,Crimen,3
321,Historico,3
321,Accion,4
321,Comedia,2
322,Misterio,2
322,Thriller,2
322,Terror,2
323,Drama,3
323,Aventura,5
323,Accion,2
324,Terror,1
324,Romance,3
324,Comedia,3
324,Drama,2
324,Thriller,3
325,Thriller,1
325,Comedia,4
325,Musical,4
325,Terror,2
325,Aventura,4
326,Comedia,5
326,Accion,3
326,Misterio,3
326,Thriller,4
327,Crimen,5
327,Documental,4
327,Animacion,3
327,Comedia,1
328,Musical,1
328,Accion,3
328,Comedia,1
328,Animacion,4
328,Thriller,5
329,Fantasia,3
329,Romance,1
329,Aventura,5
330,Documental,3
330,Thriller,2
330,Drama,1
331,Thriller,4
331,Historico,1
332,Drama,5
332,Fantasia,1
332,Romance,3
332,Documental,4
332,Misterio,2
333,Romance,3
333,Ciencia Ficcion,3
333,Musical,3
333,Accion,4
333,Terror,5
334,Drama,4
334,Misterio,4
335,Terror,4
335,Comedia,2
335,Crimen,5
335,Misterio,5
335,Ciencia Ficcion,1
336,Drama,5
336,Terror,3
336,Fantasia,1
337,Aventura,4
337,Accion,2
337,Ciencia Ficcion,5
337,Animacion,4
337,Terror,5
338,Drama,3
338,Comedia,5
338,Ciencia Ficcion,4
339,Historico,3
339,Musical,5
340,Fantasia,2
340,Thriller,1
340,Misterio,1
340,Musical,2
341,Terror,1
341,Animacion,3
341,Historico,4
341,Fantasia,2
342,Musical,1
342,Misterio,3
342,Animacion,4
342,Drama,1
342,Accion,5
343,Documental,3
343,Fantasia,4
343,Musical,1
343,Ciencia Ficcion,3
344,Historico,2
344,Terror,5
345,Comedia,4
345,Romance,2
346,Comedia,4
346,Accion,3
346,Terror,1
346,Romance,3
347,Thriller,2
347,Animacion,2
347,Aventura,1
347,Musical,5
348,Thriller,3
348,Romance,3
348,Historico,3
349,Thriller,3
349,Documental,2
350,Comedia,3
350,Thriller,3
351,Ciencia Ficcion,2
351,Romance,5
351,Comedia,2
351,Aventura,2
351,Drama,5
352,Ciencia Ficcion,1
352,Fantasia,1
353,Musical,3
353,Accion,3
353,Fantasia,3
354,Historico,5
354,Fantasia,3
354,Documental,2
355,Accion,2
355,Misterio,2
355,Aventura,2
355,Drama,3
356,Drama,4
356,Comedia,1
356,Aventura,1
357,Crimen,4
357,Fantasia,1
358,Aventura,5
358,Accion,5
358,Crimen,1
359,Aventura,1
359,Terror,1
359,Accion,1
359,Musical,5
359,Historico,2
360,Comedia,1
360,Animacion,1
360,Romance,2
361,Documental,5
361,Romance,5
361,Historico,2
361,Comedia,5
362,Aventura,5
362,Historico,1
363,Misterio,2
363,Drama,5
363,Terror,1
364,Musical,5
364,Drama,4
365,Misterio,1
365,Documental,2
365,Comedia,3
365,Fantasia,4
366,Drama,3
366,Thriller,1
366,Musical,4
366,Ciencia Ficcion,1
366,Aventura,5
367,Fantasia,3
367,Crimen,5
367,Romance,1
368,Romance,1
368,Fantasia,4
369,Fantasia,4
369,Documental,2
369,Misterio,5
369,Terror,4
370,Historico,4
370,Ciencia Ficcion,3
370,Drama,2
370,Aventura,1
371,Animacion,1
371,Aventura,1
371,Ciencia Ficcion,2
371,Fantasia,4
371,Thriller,4
372,Misterio,1
372,Comedia,3
373,Romance,4
373,Drama,1
373,Documental,2
374,Misterio,5
374,Fantasia,3
374,Terror,4
374,Musical,3
374,Documental,4
375,Fantasia,1
375,Thriller,1
375,Terror,3
375,Comedia,4
375,Musical,4
376,Animacion,1
376,Comedia,1
376,Accion,1
377,Animacion,3
377,Accion,2
377,Comedia,3
377,Ciencia Ficcion,5
377,Documental,5
378,Crimen,5
378,Aventura,4
379,Drama,5
379,Terror,3
379,Animacion,5
379,Fantasia,3
379,Misterio,5
380,Crimen,4
380,Accion,1
381,Fantasia,1
381,Romance,1
381,Ciencia Ficcion,2
381,Musical,5
381,Misterio,3
382,Fantasia,3
382,Ciencia Ficcion,4
382,Comedia,4
383,Documental,4
383,Animacion,5
384,Fantasia,4
384,Thriller,3
384,Comedia,4
384,Historico,5
384,Accion,4
385,Crimen,1
385,Terror,5
385,Romance,1
385,Accion,2
386,Romance,1
386,Crimen,3
386,Misterio,4
386,Documental,1
387,Romance,2
387,Musical,2
387,Ciencia Ficcion,2
387,Historico,3
387,Accion,5
388,Musical,1
388,Misterio,3
389,Romance,1
389,Comedia,5
390,Accion,5
390,Fantasia,5
390,Animacion,4
390,Ciencia Ficcion,3
391,Misterio,5
391,Fantasia,1
392,Ciencia Ficcion,5
392,Documental,1
392,Musical,4
392,Romance,1
393,Romance,3
393,Fantasia,2
393,Thriller,5
394,Romance,1
394,Ciencia Ficcion,5
394,Drama,2
394,Fantasia,3
395,Accion,2
395,Terror,5
395,Documental,1
395,Ciencia Ficcion,5
396,Documental,3
396,Romance,1
397,Ciencia Ficcion,3
397,Drama,5
397,Romance,3
397,Aventura,4
397,Animacion,5
398,Drama,5
398,Ciencia Ficcion,5
398,Historico,4
398,Terror,5
399,Musical,5
399,Accion,2
399,Animacion,5
400,Drama,5
400,Animacion,5
400,Misterio,4
400,Fantasia,5
400,Terror,1
401,Romance,2
401,Fantasia,2
401,Comedia,3
402,Ciencia Ficcion,4
402,Romance,3
402,Aventura,3
402,Animacion,2
402,Drama,3
403,Ciencia Ficcion,2
403,Drama,2
403,Aventura,1
404,Crimen,4
404,Historico,4
404,Terror,5
405,Ciencia Ficcion,3
405,Animacion,2
405,Accion,1
405,Drama,3
405,Comedia,3
406,Animacion,4
406,Historico,1
406,Accion,1
407,Romance,3
407,Documental,1
408,Musical,4
408,Romance,2
408,Animacion,2
408,Crimen,1
408,Aventura,5
409,Thriller,5
409,Animacion,5
410,Fantasia,1
410,Aventura,3
410,Drama,3
410,Documental,5
411,Crimen,2
411,Misterio,2
411,Historico,1
411,Drama,2
411,Ciencia Ficcion,2
412,Fantasia,1
412,Ciencia Ficcion,4
412,Terror,5
412,Documental,3
413,Romance,4
413,Thriller,4
414,Terror,3
414,Crimen,4
414,Comedia,3
415,Accion,1
415,Animacion,2
415,Documental,3
415,Musical,5
416,Terror,1
416,Animacion,5
416,Misterio,2
416,Romance,4
416,Historico,4
417,Musical,3
417,Ciencia Ficcion,3
418,Musical,2
418,Historico,3
419,Historico,3
419,Comedia,4
419,Fantasia,1
420,Historico,4
420,Aventura,4
420,Crimen,3
420,Fantasia,4
421,Historico,3
421,Comedia,5
422,Romance,5
422,Ciencia Ficcion,5
423,Fantasia,2
423,Misterio,4
423,Accion,2
423,Crimen,1
424,Drama,1
424,Animacion,1
424,Terror,2
424,Romance,2
424,Documental,5
425,Historico,4
425,Documental,3
425,Animacion,4
426,Historico,5
426,Misterio,3
426,Comedia,3
426,Terror,2
426,Crimen,1
427,Romance,2
427,Comedia,1
427,Ciencia Ficcion,1
427,Crimen,5
427,Documental,5
428,Musical,2
428,Aventura,3
428,Fantasia,2
429,Ciencia Ficcion,4
429,Documental,5
430,Comedia,5
430,Aventura,1
430,Romance,1
430,Musical,5
431,Crimen,2
431,Fantasia,2
431,Animacion,2
431,Historico,3
431,Aventura,3
432,Ciencia Ficcion,2
432,Comedia,3
432,Musical,2
432,Drama,4
432,Documental,2
433,Crimen,2
433,Comedia,5
433,Accion,4
433,Terror,2
433,Misterio,3
434,Aventura,4
434,Accion,2
434,Fantasia,4
434,Comedia,4
434,Romance,5
435,Aventura,1
435,Musical,3
435,Thriller,2
435,Accion,4
436,Documental,1
436,Animacion,1
436,Crimen,3
436,Musical,5
437,Terror,5
437,Ciencia Ficcion,1
437,Animacion,5
437,Romance,2
437,Comedia,3
438,Thriller,4
438,Fantasia,2
438,Romance,1
439,Misterio,3
439,Thriller,1
439,Ciencia Ficcion,3
439,Comedia,1
440,Fantasia,3
440,Historico,4
440,Terror,3
441,Documental,5
441,Historico,3
441,Crimen,4
441,Terror,2
442,Misterio,5
442,Fantasia,4
442,Crimen,1
442,Comedia,2
443,Accion,1
443,Drama,4
443,Comedia,3
444,Misterio,1
444,Fantasia,4
444,Ciencia Ficcion,1
445,Romance,4
445,Misterio,1
445,Thriller,2
445,Fantasia,1
445,Historico,3
446,Drama,3
446,Historico,2
447,Misterio,5
447,Thriller,5
447,Terror,2
448,Thriller,5
448,Crimen,2
449,Musical,1
449,Aventura,3
449,Drama,1
449,Fantasia,3
449,Animacion,1
450,Romance,1
450,Documental,1
450,Aventura,4
450,Musical,4
450,Comedia,4
451,Documental,1
451,Animacion,5
451,Accion,4
451,Romance,3
452,Drama,3
452,Historico,3
452,Accion,1
453,Thriller,4
453,Documental,1
454,Terror,1
454,Comedia,2
454,Drama,2
454,Ciencia Ficcion,4
454,Aventura,4
455,Animacion,1
455,Crimen,3
455,Musical,4
455,Comedia,4
456,Musical,3
456,Animacion,1
456,Documental,3
456,Comedia,5
457,Fantasia,4
457,Musical,3
457,Ciencia Ficcion,5
458,Aventura,2
458,Crimen,4
458,Ciencia Ficcion,4
458,Romance,1
458,Documental,1
459,Fantasia,2
459,Animacion,4
459,Drama,5
459,Historico,5
460,Terror,4
460,Fantasia,1
461,Terror,2
461,Comedia,5
461,Historico,4
461,Animacion,3
461,Musical,5
462,Thriller,1
462,Aventura,5
463,Thriller,4
463,Ciencia Ficcion,1
464,Animacion,3
464,Misterio,5
464,Documental,1
464,Terror,5
464,Romance,1
465,Misterio,4
465,Animacion,2
466,Historico,1
466,Ciencia Ficcion,4
466,Accion,3
467,Documental,4
467,Misterio,5
467,Fantasia,3
467,Animacion,3
468,Drama,5
468,Comedia,3
468,Aventura,1
469,Thriller,1
469,Accion,2
469,Historico,4
469,Ciencia Ficcion,4
469,Aventura,4
470,Terror,4
470,Documental,3
470,Historico,1
470,Romance,2
470,Animacion,2
471,Drama,1
471,Aventura,2
472,Drama,2
472,Fantasia,2
473,Historico,1
473,Animacion,3
473,Crimen,4
473,Thriller,2
473,Drama,4
474,Accion,4
474,Aventura,4
474,Comedia,1
474,Crimen,4
474,Fantasia,5
475,Drama,4
475,Terror,1
475,Documental,3
476,Aventura,4
476,Animacion,4
477,Misterio,3
477,Documental,1
477,Historico,4
477,Musical,4
477,Thriller,4
478,Drama,4
478,Misterio,5
478,Accion,3
478,Thriller,5
478,Crimen,1
479,Musical,1
479,Animacion,4
479,Ciencia Ficcion,5
479,Fantasia,3
480,Misterio,2
480,Ciencia Ficcion,4
480,Accion,3
480,Comedia,4
480,Terror,2
481,Documental,5
481,Animacion,4
481,Romance,2
482,Misterio,3
482,Musical,4
482,Ciencia Ficcion,2
482,Crimen,5
483,Terror,1
483,Misterio,4
483,Historico,2
484,Drama,4
484,Comedia,1
484,Documental,4
485,Terror,1
485,Drama,3
485,Historico,3
485,Thriller,3
485,Accion,2
486,Historico,1
486,Musical,1
486,Thriller,3
487,Aventura,2
487,Documental,4
487,Drama,3
487,Musical,3
487,Thriller,3
488,Crimen,3
488,Thriller,2
489,Misterio,4
489,Accion,4
490,Aventura,5
490,Crimen,5
491,Historico,1
491,Thriller,5
492,Comedia,1
492,Animacion,2
493,Comedia,4
493,Misterio,5
493,Terror,4
493,Historico,1
494,Animacion,2
494,Romance,1
494,Historico,2
495,Ciencia Ficcion,4
495,Crimen,3
495,Historico,3
495,Accion,5
495,Drama,2
496,Terror,4
496,Romance,3
497,Comedia,5
497,Crimen,4
497,Historico,2
498,Crimen,4
498,Ciencia Ficcion,4
498,Historico,5
499,Accion,5
499,Fantasia,1
499,Comedia,1
499,Musical,3
500,Ciencia Ficcion,1
500,Crimen,4
500,Comedia,1
500,Musical,2
