id,nombre,email,edad,pais
1,Albano Llopis Hierro,user1@gmail.com,55,Espana
2,Rafa Calatayud Bonet,user2@hotmail.com,16,Brasil
3,Alejandra Andrés Bueno,user3@gmail.com,30,Peru
4,José Antonio de Flor,user4@hotmail.com,23,Espana
5,Hortensia de Sanchez,user5@hotmail.com,58,Estados Unidos
6,Sandalio Agudo-Cuervo,user6@hotmail.com,52,Italia
7,Evita Lobo Cortés,user7@gmail.com,17,Guatemala
8,Aroa Bru Pinto,user8@gmail.com,20,Chile
9,Soraya Núñez Lamas,user9@gmail.com,29,Guatemala
10,Lupe Casanovas Pinedo,user10@gmail.com,50,Chile
11,Emilia del Fernandez,user11@hotmail.com,60,Italia
12,Alonso Goñi Mancebo,user12@gmail.com,29,Japon
13,Toribio de Pinto,user13@yahoo.com,52,Brasil
14,Mercedes Patiño Cánovas,user14@yahoo.com,66,Guatemala
15,Clementina Lasa Bellido,user15@hotmail.com,63,Colombia
16,Juanito Hierro Cárdenas,user16@yahoo.com,59,Italia
17,Elba Gimenez Morata,user17@gmail.com,36,Brasil
18,Segismundo de Moles,user18@yahoo.com,24,Chile
19,Anacleto Galván-Miranda,user19@gmail.com,63,Reino Unido
20,Gertrudis Segarra Clavero,user20@yahoo.com,21,Estados Unidos
21,Duilio Jódar Romero,user21@hotmail.com,39,Espana
22,Fidela Gimenez Chacón,user22@hotmail.com,37,Francia
23,Apolonia Arévalo Canals,user23@gmail.com,53,Brasil
24,Ruy Roca Bartolomé,user24@yahoo.com,66,Mexico
25,María Solé Ángel,user25@yahoo.com,61,Japon
26,Teodora de Carbó,user26@hotmail.com,49,Espana
27,Pili del Nieto,user27@gmail.com,74,Alemania
28,Isaac Cayetano Santiago Acero,user28@hotmail.com,20,Canada
29,Josué Escalona-Vera,user29@gmail.com,68,Francia
30,Sosimo Miguel Vera Flor,user30@gmail.com,51,Chile
31,Rafaela Cuéllar Abascal,user31@hotmail.com,60,Estados Unidos
32,Laura Aliaga Caparrós,user32@yahoo.com,17,Peru
33,Dimas Ambrosio Hernando Bermúdez,user33@gmail.com,64,Canada
34,Sabina Bayón Casas,user34@gmail.com,20,Peru
35,Malena Dalmau Landa,user35@hotmail.com,70,Espana
36,Ileana Cloe Font Mesa,user36@yahoo.com,39,Brasil
37,Isabel Villar Sanmiguel,user37@gmail.com,44,Francia
38,Daniel de Neira,user38@gmail.com,25,Francia
39,Manola Grau-Giménez,user39@gmail.com,37,Chile
40,Paulino Barral Granados,user40@gmail.com,57,Brasil
41,Tito Murillo Belda,user41@hotmail.com,59,Estados Unidos
42,Emilio del Gargallo,user42@hotmail.com,53,Colombia
43,Porfirio Suárez Herrero,user43@yahoo.com,49,Peru
44,Celestina Busquets Caballero,user44@hotmail.com,25,Japon
45,Felicidad Roda Reig,user45@yahoo.com,39,Brasil
46,Nicodemo Cabello Barrera,user46@yahoo.com,74,Peru
47,Rosalía Canales Ibarra,user47@gmail.com,58,Reino Unido
48,Julio Sanabria,user48@gmail.com,68,Mexico
49,Casandra Lopez Sevillano,user49@gmail.com,29,Mexico
50,Ismael Cabañas Ayuso,user50@hotmail.com,66,Reino Unido
51,Socorro de Bueno,user51@gmail.com,40,Brasil
52,Herminio Torralba Teruel,user52@gmail.com,19,Chile
53,Yaiza Barral Cózar,user53@yahoo.com,73,Reino Unido
54,Guiomar Lara Sanz,user54@yahoo.com,28,Corea del Sur
55,Obdulia Torrecilla Cortina,user55@gmail.com,40,Japon
56,César Ambrosio Barrera Mir,user56@gmail.com,24,Brasil
57,Luís Tapia Valverde,user57@hotmail.com,23,Peru
58,Ambrosio Verdejo Bernat,user58@gmail.com,62,Brasil
59,Manuel Bayo Gutierrez,user59@yahoo.com,62,Italia
60,Victor Hoz Ariño,user60@hotmail.com,72,Alemania
61,Hugo Yáñez Molina,user61@yahoo.com,38,Peru
62,Nicanor Miralles,user62@gmail.com,23,Corea del Sur
63,Hector Castro-Marín,user63@yahoo.com,20,Mexico
64,Áurea Belmonte Agustí,user64@yahoo.com,70,Espana
65,Marcela Armida Beltrán Garcés,user65@hotmail.com,24,Colombia
66,Blas Oller-Bayona,user66@gmail.com,65,Italia
67,Elodia Cruz Ríos,user67@hotmail.com,53,Estados Unidos
68,Mariano Sancho Ángel Aguiló,user68@hotmail.com,39,Alemania
69,Emperatriz de Cañizares,user69@yahoo.com,53,Japon
70,Victor Campo Cortés,user70@yahoo.com,48,Brasil
71,Marciano Cruz Novoa Frutos,user71@hotmail.com,50,Guatemala
72,José Antonio Torres-Iglesias,user72@gmail.com,58,Espana
73,Maximiliano Roda Lloret,user73@gmail.com,58,Brasil
74,Flavio Castrillo Juárez,user74@gmail.com,64,Reino Unido
75,Mamen Roma Agustí,user75@gmail.com,22,Canada
76,Vasco Company Araujo,user76@yahoo.com,42,Colombia
77,Mamen Colomer-Ropero,user77@gmail.com,44,Guatemala
78,Fabio Pastor Ariño,user78@yahoo.com,61,Brasil
79,Néstor Iborra,user79@hotmail.com,47,Colombia
80,Galo Ramos Cortes,user80@gmail.com,47,Espana
81,Salomón Elorza Revilla,user81@gmail.com,70,Canada
82,Rafa Márquez Requena,user82@hotmail.com,68,Chile
83,Eliseo de Campoy,user83@yahoo.com,24,Francia
84,Timoteo Sosa Girón,user84@gmail.com,63,Colombia
85,Felicia Mayoral Goñi,user85@gmail.com,49,Guatemala
86,Narciso Ferrando Pujadas,user86@yahoo.com,53,Reino Unido
87,Toni Baños-Lorenzo,user87@yahoo.com,46,Guatemala
88,Gloria Muñoz,user88@gmail.com,22,Francia
89,Valentín Julián Escalona,user89@hotmail.com,71,Canada
90,Alejo Camps-Rovira,user90@yahoo.com,30,Mexico
91,Isa Vidal Carlos,user91@yahoo.com,30,Estados Unidos
92,Celestina Iñiguez-Arregui,user92@hotmail.com,20,Corea del Sur
93,Abigaíl Vizcaíno Figueras,user93@yahoo.com,67,Estados Unidos
94,Anastasia Murillo Mir,user94@hotmail.com,63,Argentina
95,Plácido Mas Vendrell,user95@yahoo.com,23,Corea del Sur
96,Eugenia Quevedo Marqués,user96@hotmail.com,75,Colombia
97,Clemente Rivero Pinilla,user97@hotmail.com,31,Italia
98,Mario Mascaró Ramis,user98@hotmail.com,28,Chile
99,Evaristo Madrid Gallo,user99@yahoo.com,60,Canada
100,María Dolores Montserrat-Sola,user100@yahoo.com,40,Francia
101,Nereida García Vicente,user101@yahoo.com,43,Japon
102,Narciso Blazquez Luz,user102@hotmail.com,22,Peru
103,Eva María Araceli Gutierrez Menéndez,user103@gmail.com,29,Estados Unidos
104,Candelario Amat,user104@gmail.com,36,Guatemala
105,Jordán de Sarabia,user105@yahoo.com,52,Peru
106,Charo Plana-Urrutia,user106@yahoo.com,52,Peru
107,Candelario de Campillo,user107@yahoo.com,15,Estados Unidos
108,Chus del Ayllón,user108@hotmail.com,60,Mexico
109,Álvaro de Sastre,user109@gmail.com,29,Estados Unidos
110,Natividad Molins Salas,user110@hotmail.com,72,Mexico
111,Inmaculada Salmerón,user111@gmail.com,70,Reino Unido
112,Javiera Jove Huertas,user112@hotmail.com,19,Peru
113,Rodolfo Vázquez-Tormo,user113@hotmail.com,32,Corea del Sur
114,Emigdio del Berenguer,user114@hotmail.com,28,Argentina
115,Desiderio Elías Narváez Montenegro,user115@hotmail.com,61,Corea del Sur
116,Bruno Contreras Guardia,user116@yahoo.com,30,Corea del Sur
117,Patricio Gargallo Baró,user117@yahoo.com,66,Italia
118,Eusebia Solano Ricart,user118@gmail.com,27,Espana
119,Sigfrido Rivera,user119@yahoo.com,21,Italia
120,Obdulia Aller-Pintor,user120@yahoo.com,37,Italia
121,Gabriel Martín Porta,user121@yahoo.com,41,Japon
122,Piedad de Torrents,user122@gmail.com,70,Mexico
123,Isaías Torralba-Andres,user123@yahoo.com,58,Espana
124,Nayara Quiroga Dalmau,user124@yahoo.com,18,Alemania
125,María Amores Prada,user125@hotmail.com,61,Reino Unido
126,Narcisa Amores-Blanes,user126@hotmail.com,66,Espana
127,Bernarda Serrano Espada,user127@gmail.com,30,Chile
128,Goyo Morán-Galán,user128@yahoo.com,27,Japon
129,Evangelina Pinilla Lobo,user129@yahoo.com,23,Italia
130,Silvestre Bilbao-Sosa,user130@gmail.com,26,Brasil
131,Amaya del Gomez,user131@hotmail.com,44,Peru
132,Rosario Arjona Anguita,user132@gmail.com,70,Estados Unidos
133,Simón Almagro,user133@hotmail.com,43,Espana
134,Dimas Cases Sáenz,user134@hotmail.com,18,Guatemala
135,Lope Gibert Sola,user135@hotmail.com,20,Peru
136,Rodolfo Peinado-Diez,user136@hotmail.com,25,Italia
137,Piedad Paca Carbó Céspedes,user137@yahoo.com,46,Corea del Sur
138,Luis Miguel Amigó Mesa,user138@hotmail.com,28,Alemania
139,Gisela Fiol Benitez,user139@hotmail.com,72,Mexico
140,Aurelio del Carrillo,user140@hotmail.com,25,Alemania
141,Fulgencio Romero Pellicer,user141@gmail.com,15,Alemania
142,Miriam Nogueira,user142@gmail.com,31,Japon
143,Sandra Trillo Camacho,user143@yahoo.com,33,Italia
144,Mercedes Segura Coronado,user144@yahoo.com,59,Corea del Sur
145,Quique Vélez León,user145@hotmail.com,24,Chile
146,Remedios del Sola,user146@yahoo.com,33,Chile
147,Edelmira Mora-Higueras,user147@gmail.com,18,Mexico
148,Valero Sanmartín-Hervás,user148@yahoo.com,62,Reino Unido
149,María Jesús Pinilla-Navarrete,user149@gmail.com,18,Mexico
150,Susanita Morcillo Espada,user150@yahoo.com,52,Corea del Sur
151,Galo Jordán,user151@yahoo.com,47,Colombia
152,Valerio Llorente-Agustín,user152@hotmail.com,18,Estados Unidos
153,Aristides Hernández,user153@hotmail.com,69,Colombia
154,Laura Hernandez Tamayo,user154@hotmail.com,19,Estados Unidos
155,Jacinta Alemany Buendía,user155@yahoo.com,58,Peru
156,Hermenegildo de Medina,user156@hotmail.com,40,Espana
157,Flor Sáenz-Núñez,user157@yahoo.com,75,Peru
158,Eusebia del Santiago,user158@yahoo.com,52,Mexico
159,Edgardo David Carrillo Fernández,user159@yahoo.com,54,Estados Unidos
160,Ramiro Esteve Feliu,user160@gmail.com,41,Reino Unido
161,Eliana Zamorano Luna,user161@gmail.com,74,Brasil
162,Eusebio Gordillo,user162@yahoo.com,28,Reino Unido
163,Eutropio Alcalá Castañeda,user163@yahoo.com,30,Brasil
164,Amando Manzano Cases,user164@hotmail.com,40,Argentina
165,Aroa Alberola Luís,user165@yahoo.com,57,Canada
166,Isabela Niño Espinosa,user166@gmail.com,44,Reino Unido
167,Tomás Tejedor-Carbonell,user167@gmail.com,74,Estados Unidos
168,Leandra Benavent Baeza,user168@gmail.com,15,Japon
169,Santiago Mateu Blázquez,user169@gmail.com,54,Espana
170,León Rico Gonzalez,user170@hotmail.com,19,Chile
171,Javiera Salas Martinez,user171@hotmail.com,47,Brasil
172,Encarnación Barrena Cabezas,user172@gmail.com,23,Francia
173,Eligio Bertrán,user173@gmail.com,71,Estados Unidos
174,Chema de Crespi,user174@gmail.com,71,Peru
175,Javiera Soriano Manuel,user175@gmail.com,38,Canada
176,Ernesto del Santiago,user176@gmail.com,25,Japon
177,Óscar del Figuerola,user177@yahoo.com,68,Canada
178,Lalo Gomila Company,user178@yahoo.com,54,Guatemala
179,Andrés Felipe Barreda Daza,user179@yahoo.com,57,Canada
180,Pilar Sara Malo Saavedra,user180@gmail.com,74,Espana
181,Noemí Mateu Quevedo,user181@yahoo.com,75,Argentina
182,Luz Uribe,user182@yahoo.com,31,Espana
183,Marcelino Ariño Rosales,user183@hotmail.com,71,Espana
184,María Del Carmen Ibáñez Amigó,user184@gmail.com,62,Argentina
185,Nicolás de Leon,user185@hotmail.com,32,Canada
186,Rico Díez Sosa,user186@hotmail.com,53,Chile
187,África Lobo Escudero,user187@hotmail.com,60,Reino Unido
188,Mercedes Téllez Bou,user188@yahoo.com,28,Brasil
189,Guadalupe Mínguez Montesinos,user189@hotmail.com,47,Corea del Sur
190,Timoteo Cuevas Murcia,user190@yahoo.com,31,Mexico
191,Elvira Pérez Arco,user191@yahoo.com,20,Italia
192,Fausto Iniesta Morales,user192@gmail.com,68,Brasil
193,Teresa Vilar Abella,user193@hotmail.com,17,Guatemala
194,Joaquina del Ballester,user194@gmail.com,36,Argentina
195,Fidela Valentín,user195@hotmail.com,55,Brasil
196,Pía Aznar Frutos,user196@yahoo.com,25,Japon
197,Benigna del Ríos,user197@hotmail.com,50,Italia
198,Azucena Andres Heras,user198@hotmail.com,50,Guatemala
199,Fabricio Alcalá Raya,user199@gmail.com,22,Estados Unidos
200,Sosimo de Serrano,user200@gmail.com,75,Argentina
201,Josep Manzanares Verdú,user201@hotmail.com,49,Mexico
202,Hipólito Tolosa-Sureda,user202@gmail.com,68,Francia
203,Mamen Coca Pla,user203@gmail.com,52,Argentina
204,Liliana Piedad Cerezo Baños,user204@yahoo.com,42,Argentina
205,Evita Vera Lastra,user205@gmail.com,17,Canada
206,Primitivo Eustaquio Tovar Comas,user206@yahoo.com,38,Mexico
207,Julie del Márquez,user207@hotmail.com,72,Francia
208,Florinda del Montserrat,user208@gmail.com,28,Peru
209,Lucho del Guillen,user209@yahoo.com,57,Espana
210,Federico Suárez Piquer,user210@yahoo.com,37,Italia
211,Jose Miguel Arco Cases,user211@hotmail.com,54,Argentina
212,Eusebia Cabrera-Sacristán,user212@gmail.com,74,Peru
213,Zaida Saura,user213@gmail.com,70,Colombia
214,Hernando Cortes Benavides,user214@yahoo.com,66,Colombia
215,Fortunato Puga-Bernat,user215@yahoo.com,71,Italia
216,Fortunata del Torrents,user216@hotmail.com,16,Colombia
217,Martin Bayona Guitart,user217@hotmail.com,62,Reino Unido
218,Danilo Raúl Botella Roura,user218@gmail.com,65,Italia
219,Iván Delgado Marí,user219@gmail.com,66,Peru
220,Fermín Barba Marcos,user220@yahoo.com,32,Colombia
221,Irene Coello Hidalgo,user221@hotmail.com,65,Espana
222,Marcia Escolano Domínguez,user222@gmail.com,39,Mexico
223,Marcos Piñeiro Hernando,user223@yahoo.com,69,Corea del Sur
224,Bienvenida Guerra-Serra,user224@hotmail.com,29,Chile
225,Jeremías Jara-Agustí,user225@yahoo.com,67,Japon
226,Nilo Leandro Cruz Benavent,user226@yahoo.com,37,Canada
227,Maristela Martínez Rodrigo,user227@hotmail.com,67,Peru
228,Javier Matas-Flor,user228@yahoo.com,29,Guatemala
229,Ascensión Gálvez Pizarro,user229@hotmail.com,57,Chile
230,Maricela Marqués Marquez,user230@gmail.com,40,Reino Unido
231,Eli Aguiló Avilés,user231@hotmail.com,32,Estados Unidos
232,Serafina Macías Grau,user232@hotmail.com,64,Brasil
233,Constanza Falcón Iglesia,user233@hotmail.com,37,Alemania
234,Mauricio Caballero Ariza,user234@yahoo.com,58,Reino Unido
235,Alexandra Patiño Catalá,user235@gmail.com,75,Guatemala
236,Fernando Raúl Ribes Echevarría,user236@gmail.com,22,Brasil
237,Rubén Paz Valls,user237@yahoo.com,26,Brasil
238,Eduardo Tirado Marquez,user238@hotmail.com,17,Espana
239,Rosaura Cardona Solís,user239@gmail.com,53,Italia
240,René Gonzalez Puerta,user240@hotmail.com,37,Reino Unido
241,Apolonia Prat Alcalá,user241@yahoo.com,42,Espana
242,Beatriz del Pedrosa,user242@hotmail.com,39,Chile
243,Luís Piquer-Pera,user243@gmail.com,31,Mexico
244,Jonatan de Mosquera,user244@hotmail.com,60,Italia
245,Moisés de Simó,user245@hotmail.com,15,Chile
246,Moreno Hernando Carnero Chaves,user246@gmail.com,38,Italia
247,Evaristo Ugarte Carmona,user247@gmail.com,19,Reino Unido
248,Vicente de Pont,user248@yahoo.com,54,Reino Unido
249,Nazaret Rius Cortes,user249@yahoo.com,57,Espana
250,Sigfrido Tovar Raya,user250@yahoo.com,61,Canada
251,Onofre Pellicer Gaya,user251@yahoo.com,47,Canada
252,Custodia Pareja Cabezas,user252@hotmail.com,57,Italia
253,Macaria Palmer Barrera,user253@yahoo.com,35,Alemania
254,Claudio Carvajal-Sanz,user254@gmail.com,59,Canada
255,Miguel Ángel Almazán,user255@gmail.com,50,Argentina
256,Daniela Casas Fuertes,user256@gmail.com,27,Italia
257,Claudia de Guijarro,user257@yahoo.com,57,Alemania
258,Rufino Acedo Lluch,user258@gmail.com,58,Colombia
259,Julián Iglesia Díaz,user259@gmail.com,54,Canada
260,Blas Alcolea Palma,user260@gmail.com,40,Guatemala
261,Etelvina Alcázar-Dávila,user261@yahoo.com,34,Canada
262,Bernardino Robledo Zorrilla,user262@gmail.com,28,Italia
263,Jordán Sanabria Paredes,user263@hotmail.com,65,Reino Unido
264,Asunción Sans-Vara,user264@gmail.com,44,Japon
265,Amada Pascuala Vázquez Mata,user265@yahoo.com,43,Chile
266,Américo Tejero Querol,user266@yahoo.com,47,Corea del Sur
267,Jose Luis Salcedo Beltrán,user267@gmail.com,65,Colombia
268,María Fernanda Colomer Bastida,user268@gmail.com,57,Estados Unidos
269,Mateo Morcillo-Piquer,user269@hotmail.com,33,Reino Unido
270,Emilia Santiago,user270@hotmail.com,20,Peru
271,Irene Ariel Carbó Garrido,user271@yahoo.com,58,Canada
272,Victoria Gracia Riba,user272@yahoo.com,29,Chile
273,Gloria Ricart Bustamante,user273@yahoo.com,24,Guatemala
274,Estefanía Jara Perelló,user274@gmail.com,17,Peru
275,Anabel Bou Blázquez,user275@gmail.com,45,Estados Unidos
276,Ariadna Peralta Castillo,user276@hotmail.com,44,Italia
277,Lázaro Murcia Carvajal,user277@yahoo.com,71,Chile
278,Trinidad Rocha Aznar,user278@yahoo.com,60,Alemania
279,Esperanza Feliciana Calleja Vera,user279@gmail.com,46,Alemania
280,Nando Toledo Gomez,user280@gmail.com,30,Argentina
281,Sonia Pedrero Cardona,user281@yahoo.com,56,Guatemala
282,Coral Romeu-Amo,user282@hotmail.com,72,Espana
283,Alberto Escribano-Llano,user283@hotmail.com,64,Italia
284,Édgar Fortunato Orozco Aguado,user284@gmail.com,29,Colombia
285,Lorenzo Pérez Baños,user285@gmail.com,66,Japon
286,Artemio Garrido Peñalver,user286@yahoo.com,18,Peru
287,Evita Criado Pelayo,user287@yahoo.com,73,Espana
288,Renata Blazquez Badía,user288@gmail.com,44,Argentina
289,René Ayala Bilbao,user289@yahoo.com,66,Japon
290,Nadia Rodrigo Torralba,user290@hotmail.com,57,Reino Unido
291,Herminia Llano Garriga,user291@hotmail.com,75,Japon
292,Francisco Jose Ropero Cantero,user292@yahoo.com,54,Italia
293,Lara Águila-Mendez,user293@gmail.com,68,Japon
294,Hector de Aguilera,user294@gmail.com,72,Colombia
295,Curro Rodolfo Cervantes Jaume,user295@yahoo.com,62,Corea del Sur
296,Azeneth Aguilera Valencia,user296@hotmail.com,43,Brasil
297,Carmelita Castelló Pinto,user297@hotmail.com,63,Peru
298,Josué del Bello,user298@yahoo.com,68,Brasil
299,Isaías Alfonso Segura,user299@gmail.com,64,Corea del Sur
300,Maricela Román Quiroga,user300@hotmail.com,55,Peru
301,Ema Cardona Quirós,user301@gmail.com,32,Japon
302,Carlota Seguí Paredes,user302@gmail.com,19,Canada
303,Sonia Camacho Hervia,user303@yahoo.com,30,Brasil
304,Gracia Zamora-Bermúdez,user304@yahoo.com,36,Reino Unido
305,Ramón Fortunato Giralt Mínguez,user305@gmail.com,72,Estados Unidos
306,José Mari Carbonell Viana,user306@gmail.com,23,Argentina
307,Felicia Coloma Guzman,user307@gmail.com,29,Alemania
308,Eduardo Figueroa Durán,user308@hotmail.com,59,Argentina
309,Ricardo Benet Elorza,user309@hotmail.com,60,Chile
310,Jordana Sanchez Moraleda,user310@hotmail.com,19,Italia
311,Bárbara Sabater Bayo,user311@yahoo.com,41,Reino Unido
312,Melania Mateo Llobet,user312@hotmail.com,49,Japon
313,Gabriel Vera Benavent,user313@yahoo.com,41,Mexico
314,Jennifer Arellano Barberá,user314@yahoo.com,28,Italia
315,Antonio Mohamed Bosch Vendrell,user315@yahoo.com,39,Guatemala
316,Marisa Armengol Sandoval,user316@hotmail.com,69,Alemania
317,Felipe Tamarit,user317@hotmail.com,45,Guatemala
318,Américo Sanjuan Calderón,user318@yahoo.com,75,Francia
319,José Antonio Duque Ariza,user319@gmail.com,34,Alemania
320,Isabel Zamora Yáñez,user320@hotmail.com,69,Italia
321,Germán Peralta Luna,user321@yahoo.com,49,Peru
322,Remedios Neira Badía,user322@hotmail.com,46,Peru
323,Ana Sofía Murcia Busquets,user323@hotmail.com,32,Italia
324,Elodia Iniesta Conesa,user324@yahoo.com,46,Guatemala
325,Lupe Cid Olmo,user325@yahoo.com,39,Reino Unido
326,Belén Blazquez Menendez,user326@hotmail.com,57,Alemania
327,Milagros Moya Castell,user327@hotmail.com,61,Colombia
328,Araceli Roda,user328@hotmail.com,68,Japon
329,Agustina Pareja Mendizábal,user329@gmail.com,73,Argentina
330,Francisco Torre,user330@gmail.com,54,Guatemala
331,Bruno de Berenguer,user331@yahoo.com,73,Alemania
332,José Luis Zurita Arellano,user332@hotmail.com,52,Guatemala
333,Valentina Castro Peñas,user333@gmail.com,20,Italia
334,Cipriano Daza Río,user334@gmail.com,23,Japon
335,Filomena Gámez Saldaña,user335@hotmail.com,26,Mexico
336,Renato Reinaldo Sanchez Guillén,user336@hotmail.com,31,Alemania
337,Fabián del Ferrera,user337@yahoo.com,35,Chile
338,Isabela Serrano-Luján,user338@yahoo.com,44,Reino Unido
339,Lucía Riquelme,user339@gmail.com,36,Alemania
340,Salvador Chacón,user340@yahoo.com,32,Italia
341,Miguel Ángel Terrón Pera,user341@hotmail.com,31,Estados Unidos
342,Pelayo Villalobos Casanovas,user342@yahoo.com,45,Guatemala
343,Rico Cueto Llamas,user343@yahoo.com,62,Mexico
344,Brunilda Ruiz,user344@gmail.com,75,Francia
345,Sebastian del Olmedo,user345@gmail.com,29,Estados Unidos
346,Amelia Prieto Vallés,user346@yahoo.com,64,Mexico
347,Guadalupe de Perera,user347@gmail.com,63,Guatemala
348,Feliciano Cabeza Naranjo,user348@gmail.com,75,Peru
349,Alejo Madrid Sureda,user349@hotmail.com,27,Guatemala
350,Reynaldo Somoza Sanabria,user350@hotmail.com,54,Argentina
351,Víctor Bernad Alfonso,user351@yahoo.com,30,Argentina
352,Silvestre Conde,user352@hotmail.com,45,Espana
353,Lucía Ileana Cantero Maldonado,user353@gmail.com,51,Chile
354,Benjamín Amado Gómez Rivas,user354@hotmail.com,44,Brasil
355,Jesusa Ana Belén Cantero Valero,user355@hotmail.com,64,Francia
356,Adriana de Cobo,user356@yahoo.com,25,Espana
357,Abigaíl Osorio Hernandez,user357@hotmail.com,64,Colombia
358,Cayetana Boada Zabaleta,user358@yahoo.com,34,Espana
359,Juan José Vera Vera,user359@hotmail.com,52,Guatemala
360,Guiomar Soriano Arranz,user360@hotmail.com,74,Canada
361,Florentina Izaguirre Alegre,user361@yahoo.com,51,Alemania
362,Francisco Jose Hernando Calleja,user362@hotmail.com,40,Chile
363,Benita Arregui Ortuño,user363@hotmail.com,19,Peru
364,Ruth Díez Sobrino,user364@hotmail.com,21,Canada
365,Melania Esparza Cepeda,user365@gmail.com,69,Espana
366,Alicia Marcos Fortuny,user366@gmail.com,65,Mexico
367,Venceslás Arnaiz,user367@yahoo.com,37,Italia
368,José Ángel Heliodoro Sáenz Isern,user368@gmail.com,57,Francia
369,Eric Palau,user369@gmail.com,19,Reino Unido
370,Elena Casanova Pedro,user370@yahoo.com,15,Italia
371,Perlita Sabater Pomares,user371@yahoo.com,67,Corea del Sur
372,Jose Ramón Valencia Pedrero,user372@hotmail.com,21,Italia
373,Salvador Blanch-Rodriguez,user373@gmail.com,38,Japon
374,María Cristina Escribano Marin,user374@yahoo.com,60,Argentina
375,Aníbal Mosquera Marqués,user375@yahoo.com,42,Colombia
376,María Cristina Rojas Diaz,user376@hotmail.com,61,Brasil
377,Felicia Salvador Arnal,user377@hotmail.com,54,Corea del Sur
378,María Luisa Royo Llobet,user378@hotmail.com,44,Italia
379,Anselmo Ramis Parra,user379@hotmail.com,67,Brasil
380,Albino Clavero Ríos,user380@gmail.com,35,Peru
381,Anastasio Guzman Pazos,user381@yahoo.com,68,Estados Unidos
382,Margarita Antúnez Corral,user382@hotmail.com,32,Japon
383,Flora Peral Saldaña,user383@gmail.com,30,Japon
384,Bernardita Ávila-Pedraza,user384@yahoo.com,51,Alemania
385,Mirta Lopez Iborra,user385@gmail.com,36,Guatemala
386,Quirino Estrada Valera,user386@hotmail.com,46,Reino Unido
387,Zaira Carranza Juárez,user387@yahoo.com,26,Corea del Sur
388,Clotilde Machado Tudela,user388@gmail.com,28,Francia
389,Borja Benavent Sans,user389@gmail.com,66,Brasil
390,Antonia Montenegro Olivera,user390@hotmail.com,36,Brasil
391,Leonardo Manrique Marín,user391@gmail.com,71,Brasil
392,Régulo Pardo Verdugo,user392@gmail.com,50,Guatemala
393,Cornelio Chamorro Guzmán,user393@yahoo.com,48,Chile
394,Geraldo Peinado Solsona,user394@hotmail.com,20,Peru
395,Mariano Boix Bastida,user395@yahoo.com,61,Italia
396,Paca Tejero Zaragoza,user396@yahoo.com,46,Peru
397,Sandra Benavent Casares,user397@yahoo.com,59,Corea del Sur
398,Jafet Solano Villar,user398@yahoo.com,56,Corea del Sur
399,Valentín Espada Castelló,user399@yahoo.com,43,Guatemala
400,Zaida Baquero,user400@gmail.com,20,Canada
401,Calista Mateu,user401@gmail.com,29,Alemania
402,Felix Gomis Oliva,user402@hotmail.com,59,Peru
403,Teo Aníbal Iglesia Ferrándiz,user403@hotmail.com,34,Francia
404,Eli de Mateo,user404@hotmail.com,45,Francia
405,Araceli de Correa,user405@gmail.com,42,Reino Unido
406,Pacífica Xiomara Nebot Armengol,user406@gmail.com,37,Japon
407,Alonso Landa Galvez,user407@hotmail.com,32,Canada
408,María Pilar Anglada Valenciano,user408@hotmail.com,31,Peru
409,Ema del Tomas,user409@gmail.com,22,Chile
410,Emma Santana Beltran,user410@hotmail.com,35,Espana
411,Cayetano Sabater Ricart,user411@yahoo.com,62,Colombia
412,Clara Nieto Cobo,user412@yahoo.com,27,Chile
413,Paula Ojeda Pujadas,user413@gmail.com,62,Corea del Sur
414,Lola Camino Montaña,user414@gmail.com,32,Canada
415,Azucena Lastra Sancho,user415@gmail.com,21,Chile
416,Atilio Ayuso Manrique,user416@yahoo.com,33,Peru
417,Hortensia Diana Cuesta Morán,user417@hotmail.com,38,Colombia
418,Celestina Cuervo Valentín,user418@hotmail.com,34,Guatemala
419,Leticia Mendez Valencia,user419@gmail.com,60,Argentina
420,Haroldo Vega Sebastián,user420@gmail.com,32,Mexico
421,Lupe Osorio,user421@gmail.com,18,Canada
422,Epifanio Uría Sosa,user422@yahoo.com,59,Argentina
423,Adelia de Rosa,user423@gmail.com,55,Corea del Sur
424,Prudencio Paz-Quintana,user424@yahoo.com,21,Guatemala
425,Herberto Azcona Ferreras,user425@yahoo.com,51,Canada
426,Elvira de Pomares,user426@hotmail.com,45,Corea del Sur
427,Ramona Losa Carrera,user427@gmail.com,43,Reino Unido
428,Haroldo Perea Nicolau,user428@hotmail.com,26,Mexico
429,Priscila Cobos Flor,user429@hotmail.com,31,Corea del Sur
430,Gracia Vall,user430@gmail.com,22,Estados Unidos
431,Alejo Cerro Mínguez,user431@yahoo.com,40,Corea del Sur
432,Jessica Company,user432@hotmail.com,19,Mexico
433,Berta Mosquera,user433@hotmail.com,24,Argentina
434,Candelas Pozo Martínez,user434@hotmail.com,66,Canada
435,Lilia Vergara Trillo,user435@hotmail.com,20,Peru
436,Emperatriz Taboada-Alegria,user436@yahoo.com,22,Italia
437,Nerea Canals Riera,user437@hotmail.com,53,Peru
438,Rómulo Vinicio Amor Sánchez,user438@yahoo.com,64,Alemania
439,Maricruz Goñi-Aznar,user439@hotmail.com,43,Japon
440,Carlota Zamora Pinto,user440@gmail.com,34,Italia
441,Alcides de Farré,user441@gmail.com,34,Mexico
442,Estefanía Riquelme Cordero,user442@yahoo.com,54,Espana
443,Hernán Valls,user443@hotmail.com,75,Chile
444,Trini Barrios Cervera,user444@hotmail.com,55,Chile
445,Lisandro Morcillo,user445@hotmail.com,31,Estados Unidos
446,Lucila Peñas Mir,user446@gmail.com,25,Peru
447,Zaira Noriega Pablo,user447@hotmail.com,26,Estados Unidos
448,Marcos Tomé-Fernandez,user448@gmail.com,25,Guatemala
449,León Martín-Gomila,user449@yahoo.com,41,Japon
450,Pastor Cristóbal Torrijos Molins,user450@yahoo.com,59,Corea del Sur
451,Manuelita Llanos Maestre,user451@gmail.com,33,Mexico
452,Nicolasa Pino-Prat,user452@yahoo.com,29,Canada
453,Espiridión Arnal Maestre,user453@hotmail.com,60,Canada
454,Fulgencio Salamanca Jerez,user454@hotmail.com,59,Japon
455,Clotilde Franch Linares,user455@hotmail.com,19,Peru
456,Bruno Canales-Heras,user456@gmail.com,74,Brasil
457,Nicanor Gonzalez Guerrero,user457@gmail.com,65,Chile
458,Hilario Murillo Sureda,user458@gmail.com,42,Espana
459,Abilio Cruz Ramírez,user459@hotmail.com,49,Peru
460,Judith Flores Madrigal,user460@yahoo.com,56,Argentina
461,Mohamed Amor Borrás Guerra,user461@hotmail.com,73,Brasil
462,Yago Díez Rios,user462@gmail.com,67,Argentina
463,Silvio Puerta Valbuena,user463@gmail.com,19,Mexico
464,Urbano Alejo Agullo Martín,user464@hotmail.com,25,Canada
465,Ascensión Áurea Naranjo Luís,user465@yahoo.com,53,Canada
466,Luciana del Cañete,user466@hotmail.com,43,Espana
467,Elena Fernández Capdevila,user467@yahoo.com,44,Canada
468,Pío Segarra Jimenez,user468@hotmail.com,59,Alemania
469,Adrián Navas Marquez,user469@hotmail.com,75,Brasil
470,Chucho Ramirez,user470@yahoo.com,47,Corea del Sur
471,Eugenia Bolaños,user471@yahoo.com,43,Estados Unidos
472,Cirino Checa Tejada,user472@yahoo.com,53,Mexico
473,Abraham del Pla,user473@gmail.com,71,Italia
474,Primitiva Lasa Murcia,user474@yahoo.com,62,Reino Unido
475,Paloma Alberdi-Jurado,user475@hotmail.com,53,Brasil
476,Nydia Guzman Barrios,user476@hotmail.com,16,Estados Unidos
477,Joan Melero Cuesta,user477@yahoo.com,29,Guatemala
478,Ámbar Mercader,user478@hotmail.com,63,Brasil
479,Miguel Marquez Pedrero,user479@hotmail.com,51,Mexico
480,Damián de Tejera,user480@gmail.com,63,Colombia
481,Piedad Pereira Ricart,user481@hotmail.com,45,Japon
482,Zaira del Gil,user482@gmail.com,73,Brasil
483,Trinidad Rocío Bilbao Zaragoza,user483@yahoo.com,26,Italia
484,Ofelia Pardo,user484@gmail.com,55,Corea del Sur
485,Aurelia Barrio-Vega,user485@gmail.com,20,Corea del Sur
486,Lupe Conde-Córdoba,user486@yahoo.com,37,Italia
487,Isaura Carnero,user487@hotmail.com,36,Reino Unido
488,Plinio Torrijos,user488@gmail.com,57,Espana
489,Itziar Baquero,user489@yahoo.com,69,Colombia
490,José María Ribes Saura,user490@hotmail.com,36,Italia
491,Lino Sevilla Mendez,user491@hotmail.com,59,Corea del Sur
492,Hector Iñiguez Acero,user492@hotmail.com,33,Alemania
493,Luis Miguel Beltran,user493@gmail.com,67,Mexico
494,Fabiola Bartolomé Barrena,user494@gmail.com,44,Estados Unidos
495,Alejandra Madrid Rebollo,user495@gmail.com,35,Brasil
496,Rodolfo Rivera Perelló,user496@yahoo.com,35,Espana
497,Tomasa Pina Peña,user497@gmail.com,64,Alemania
498,Benita del Carrasco,user498@gmail.com,70,Guatemala
499,Georgina de Gisbert,user499@gmail.com,57,Japon
500,Eustaquio Sierra Rodrigo,user500@hotmail.com,41,Mexico
